,categories,hasPerk,id,location.address,location.cc,location.city,location.country,location.crossStreet,location.distance,location.formattedAddress,location.labeledLatLngs,location.lat,location.lng,location.neighborhood,location.postalCode,location.state,name,referralId,venuePage.id
0,"[{'id': '4bf58dd8d48988d1e0931735', 'name': 'Coffee Shop', 'pluralName': 'Coffee Shops', 'shortName': 'Coffee Shop', 'icon': {'prefix': 'https://ss3.4sqi.net/img/categories_v2/food/coffeeshop_', 'suffix': '.png'}, 'primary': True}]",False,5436fbbb498e5e01fed47068,517 Flinders Lane,AU,Melbourne,Australia,,26,"['517 Flinders Lane', 'Melbourne VIC 3000', 'Australia']","[{'label': 'display', 'lat': -37.81953929444152, 'lng': 144.95660720123036}]",-37.81953929444152,144.95660720123036,"Melbourne CBD, Melbourne, VIC",3000,VIC,Altius Coffee,v-1599966889,
1,"[{'id': '4bf58dd8d48988d1e0931735', 'name': 'Coffee Shop', 'pluralName': 'Coffee Shops', 'shortName': 'Coffee Shop', 'icon': {'prefix': 'https://ss3.4sqi.net/img/categories_v2/food/coffeeshop_', 'suffix': '.png'}, 'primary': True}]",False,5a6e6bd56c08d17bb18e2bea,,AU,Melbourne,Australia,,43,"['Melbourne VIC 3000', 'Australia']","[{'label': 'display', 'lat': -37.816427, 'lng': 144.969009}]",-37.816427,144.969009,,3000,VIC,Good Coffee,v-1599966889,
2,"[{'id': '4bf58dd8d48988d16d941735', 'name': 'Café', 'pluralName': 'Cafés', 'shortName': 'Café', 'icon': {'prefix': 'https://ss3.4sqi.net/img/categories_v2/food/cafe_', 'suffix': '.png'}, 'primary': True}]",False,4db7ac31f7b15ca52cda9944,180 Flinders St,AU,Melbourne,Australia,,63,"['180 Flinders St', 'Melbourne VIC 3000', 'Australia']","[{'label': 'display', 'lat': -37.81717, 'lng': 144.968477}]",-37.81717,144.968477,,3000,VIC,Monkii Coffee Machine,v-1599966889,
3,"[{'id': '4bf58dd8d48988d16d941735', 'name': 'Café', 'pluralName': 'Cafés', 'shortName': 'Café', 'icon': {'prefix': 'https://ss3.4sqi.net/img/categories_v2/food/cafe_', 'suffix': '.png'}, 'primary': True}]",False,57325998498eebf6d482dcb4,Chapter House Lane,AU,Melbourne,Australia,,66,"['Chapter House Lane', 'Melbourne VIC 3000', 'Australia']","[{'label': 'display', 'lat': -37.8164467387104, 'lng': 144.96783243830453}]",-37.8164467387104,144.96783243830453,Melbourne CBD,3000,VIC,Chapter House Coffee,v-1599966889,
4,"[{'id': '4bf58dd8d48988d1e0931735', 'name': 'Coffee Shop', 'pluralName': 'Coffee Shops', 'shortName': 'Coffee Shop', 'icon': {'prefix': 'https://ss3.4sqi.net/img/categories_v2/food/coffeeshop_', 'suffix': '.png'}, 'primary': True}]",False,5667bc10498e12f46a1f484f,"Southern Cross Lane, 121 Exhibition St",AU,Melbourne,Australia,,89,"['Southern Cross Lane, 121 Exhibition St', 'Melbourne VIC 3000', 'Australia']","[{'label': 'display', 'lat': -37.81286541465016, 'lng': 144.9701875936426}]",-37.81286541465016,144.9701875936426,,3000,VIC,Axil Coffee,v-1599966891,
5,"[{'id': '4bf58dd8d48988d16d941735', 'name': 'Café', 'pluralName': 'Cafés', 'shortName': 'Café', 'icon': {'prefix': 'https://ss3.4sqi.net/img/categories_v2/food/cafe_', 'suffix': '.png'}, 'primary': True}]",False,51c1216e498ef613ebeaad60,,AU,Melbourne,Australia,,38,"['Melbourne VIC 3000', 'Australia']","[{'label': 'display', 'lat': -37.8132818056732, 'lng': 144.97043257893492}]",-37.8132818056732,144.97043257893492,"Melbourne CBD, Melbourne, VIC",3000,VIC,The Coffee Commission,v-1599966891,
6,"[{'id': '4bf58dd8d48988d1e0931735', 'name': 'Coffee Shop', 'pluralName': 'Coffee Shops', 'shortName': 'Coffee Shop', 'icon': {'prefix': 'https://ss3.4sqi.net/img/categories_v2/food/coffeeshop_', 'suffix': '.png'}, 'primary': True}]",False,4b159234f964a5200aaf23e3,Collins St,AU,Melbourne,Australia,,97,"['Collins St', 'Melbourne VIC', 'Australia']","[{'label': 'display', 'lat': -37.81435375567323, 'lng': 144.9701782187986}]",-37.81435375567323,144.9701782187986,,,VIC,Map Italian Coffee,v-1599966891,
7,"[{'id': '4bf58dd8d48988d1e0931735', 'name': 'Coffee Shop', 'pluralName': 'Coffee Shops', 'shortName': 'Coffee Shop', 'icon': {'prefix': 'https://ss3.4sqi.net/img/categories_v2/food/coffeeshop_', 'suffix': '.png'}, 'primary': True}]",False,55ea546c498e6fb41124b396,201 Spencer St,AU,Docklands,Australia,,83,"['201 Spencer St', 'Docklands VIC 3008', 'Australia']","[{'label': 'display', 'lat': -37.81521498046301, 'lng': 144.95264339595272}]",-37.81521498046301,144.95264339595272,"Melbourne CBD, Melbourne, VIC",3008,VIC,Coffee Rush,v-1599966891,
8,"[{'id': '4bf58dd8d48988d1e0931735', 'name': 'Coffee Shop', 'pluralName': 'Coffee Shops', 'shortName': 'Coffee Shop', 'icon': {'prefix': 'https://ss3.4sqi.net/img/categories_v2/food/coffeeshop_', 'suffix': '.png'}, 'primary': True}]",False,55ea546c498e6fb41124b396,201 Spencer St,AU,Docklands,Australia,,83,"['201 Spencer St', 'Docklands VIC 3008', 'Australia']","[{'label': 'display', 'lat': -37.81521498046301, 'lng': 144.95264339595272}]",-37.81521498046301,144.95264339595272,"Melbourne CBD, Melbourne, VIC",3008,VIC,Coffee Rush,v-1599966892,
9,"[{'id': '4bf58dd8d48988d1e0931735', 'name': 'Coffee Shop', 'pluralName': 'Coffee Shops', 'shortName': 'Coffee Shop', 'icon': {'prefix': 'https://ss3.4sqi.net/img/categories_v2/food/coffeeshop_', 'suffix': '.png'}, 'primary': True}]",False,53f2b80f498e3cfd4dc8f335,152 Gertrude Street,AU,Melbourne,Australia,,112,"['152 Gertrude Street', 'Melbourne VIC 3065', 'Australia']","[{'label': 'display', 'lat': -37.80902375091789, 'lng': 144.97753061142254}]",-37.80902375091789,144.97753061142254,,3065,VIC,Coffee Supreme,v-1599966892,
10,"[{'id': '4bf58dd8d48988d1e0931735', 'name': 'Coffee Shop', 'pluralName': 'Coffee Shops', 'shortName': 'Coffee Shop', 'icon': {'prefix': 'https://ss3.4sqi.net/img/categories_v2/food/coffeeshop_', 'suffix': '.png'}, 'primary': True}]",False,4bda27cf3904a593e16b459e,St Vincents Private Hospital,AU,Fitzroy,Australia,,90,"['St Vincents Private Hospital', 'Fitzroy VIC 3065', 'Australia']","[{'label': 'display', 'lat': -37.80810117842306, 'lng': 144.97592040380687}]",-37.80810117842306,144.97592040380687,,3065,VIC,Hudsons Coffee,v-1599966892,
11,"[{'id': '4bf58dd8d48988d1e0931735', 'name': 'Coffee Shop', 'pluralName': 'Coffee Shops', 'shortName': 'Coffee Shop', 'icon': {'prefix': 'https://ss3.4sqi.net/img/categories_v2/food/coffeeshop_', 'suffix': '.png'}, 'primary': True}]",False,4c61eae9edd320a103d2ab29,15 William Street,AU,Melbourne,Australia,at Custom House Lane,106,"['15 William Street (at Custom House Lane)', 'Melbourne VIC 3000', 'Australia']","[{'label': 'display', 'lat': -37.819328, 'lng': 144.958932}]",-37.819328,144.958932,,3000,VIC,Hudsons Coffee,v-1599966895,
12,"[{'id': '4bf58dd8d48988d16d941735', 'name': 'Café', 'pluralName': 'Cafés', 'shortName': 'Café', 'icon': {'prefix': 'https://ss3.4sqi.net/img/categories_v2/food/cafe_', 'suffix': '.png'}, 'primary': True}]",False,4bcf7aff41b9ef3b7785f8e5,,AU,Melbourne,Australia,,51,"['Melbourne VIC 3000', 'Australia']","[{'label': 'display', 'lat': -37.818304, 'lng': 144.95797527}]",-37.818304,144.95797527,"Melbourne CBD, Melbourne, VIC",3000,VIC,Grazie Coffee Bar,v-1599966895,
13,"[{'id': '4bf58dd8d48988d1e0931735', 'name': 'Coffee Shop', 'pluralName': 'Coffee Shops', 'shortName': 'Coffee Shop', 'icon': {'prefix': 'https://ss3.4sqi.net/img/categories_v2/food/coffeeshop_', 'suffix': '.png'}, 'primary': True}]",False,5dfb5f7126752c00088b94f1,472 Flinders Lane,AU,Melbourne,Australia,,68,"['472 Flinders Lane', 'Melbourne VIC 3000', 'Australia']","[{'label': 'display', 'lat': -37.81898, 'lng': 144.95824}]",-37.81898,144.95824,Melbourne CBD,3000,VIC,Rosso Coffee,v-1599966895,
14,"[{'id': '4bf58dd8d48988d1e0931735', 'name': 'Coffee Shop', 'pluralName': 'Coffee Shops', 'shortName': 'Coffee Shop', 'icon': {'prefix': 'https://ss3.4sqi.net/img/categories_v2/food/coffeeshop_', 'suffix': '.png'}, 'primary': True}]",False,59a3bd206bdee625ce7a00f9,165 Fitzroy St,AU,St Kilda,Australia,,111,"['165 Fitzroy St', 'St Kilda VIC 3182', 'Australia']","[{'label': 'display', 'lat': -37.819365, 'lng': 144.958936}]",-37.819365,144.958936,"St Kilda, VIC",3182,VIC,Hudsons Coffee,v-1599966895,
15,"[{'id': '4bf58dd8d48988d1e0931735', 'name': 'Coffee Shop', 'pluralName': 'Coffee Shops', 'shortName': 'Coffee Shop', 'icon': {'prefix': 'https://ss3.4sqi.net/img/categories_v2/food/coffeeshop_', 'suffix': '.png'}, 'primary': True}]",False,54595fe3498e0495dbbd7559,"Shop 5, 495 Collins St",AU,Melbourne,Australia,,85,"['Shop 5, 495 Collins St', 'Melbourne VIC 3000', 'Australia']","[{'label': 'display', 'lat': -37.81815281375645, 'lng': 144.95763595886933}]",-37.81815281375645,144.95763595886933,,3000,VIC,Bonnie Coffee Brewers,v-1599966895,
16,"[{'id': '4bf58dd8d48988d1e0931735', 'name': 'Coffee Shop', 'pluralName': 'Coffee Shops', 'shortName': 'Coffee Shop', 'icon': {'prefix': 'https://ss3.4sqi.net/img/categories_v2/food/coffeeshop_', 'suffix': '.png'}, 'primary': True}]",False,4d9e49d4a4675481aa278be6,8 Exploration Ln.,AU,Melbourne,Australia,at Little Lonsdale St.,79,"['8 Exploration Ln. (at Little Lonsdale St.)', 'Melbourne VIC 3000', 'Australia']","[{'label': 'display', 'lat': -37.809279, 'lng': 144.968483}]",-37.809279,144.968483,,3000,VIC,The League of Honest Coffee,v-1599966896,
17,"[{'id': '4bf58dd8d48988d16d941735', 'name': 'Café', 'pluralName': 'Cafés', 'shortName': 'Café', 'icon': {'prefix': 'https://ss3.4sqi.net/img/categories_v2/food/cafe_', 'suffix': '.png'}, 'primary': True}]",False,555172a1498e9085353cce04,113 Hardware St,AU,Melbourne,Australia,,52,"['113 Hardware St', 'Melbourne VIC 3000', 'Australia']","[{'label': 'display', 'lat': -37.8122308366527, 'lng': 144.96057126569383}]",-37.8122308366527,144.96057126569383,,3000,VIC,Hash Specialty Coffee,v-1599966901,
18,"[{'id': '4bf58dd8d48988d148941735', 'name': 'Donut Shop', 'pluralName': 'Donut Shops', 'shortName': 'Donuts', 'icon': {'prefix': 'https://ss3.4sqi.net/img/categories_v2/food/donuts_', 'suffix': '.png'}, 'primary': True}]",False,53165d6d498ebb28a12213b3,12 Sutherland Street,AU,Melbourne,Australia,,88,"['12 Sutherland Street', 'Melbourne VIC 3000', 'Australia']","[{'label': 'display', 'lat': -37.81124, 'lng': 144.961}]",-37.81124,144.961,Melbourne CBD,3000,VIC,Shortstop Coffee & Donuts,v-1599966901,80601344
19,"[{'id': '4bf58dd8d48988d16d941735', 'name': 'Café', 'pluralName': 'Cafés', 'shortName': 'Café', 'icon': {'prefix': 'https://ss3.4sqi.net/img/categories_v2/food/cafe_', 'suffix': '.png'}, 'primary': True}]",False,53e32c2f498e78268d97e719,10 Sutherland Street,AU,Melbourne CBD,Australia,,81,"['10 Sutherland Street', 'Melbourne CBD VIC 3000', 'Australia']","[{'label': 'display', 'lat': -37.811302, 'lng': 144.961}]",-37.811302,144.961,"Melbourne CBD, Melbourne, VIC",3000,VIC,Raw Trader,v-1599966901,
20,"[{'id': '4bf58dd8d48988d1f9941735', 'name': 'Food & Drink Shop', 'pluralName': 'Food & Drink Shops', 'shortName': 'Food & Drink', 'icon': {'prefix': 'https://ss3.4sqi.net/img/categories_v2/shops/foodanddrink_', 'suffix': '.png'}, 'primary': True}]",False,564bda0b498ed408335fa325,,AU,Melbourne,Australia,,86,"['Melbourne VIC 3000', 'Australia']","[{'label': 'display', 'lat': -37.81563238257064, 'lng': 144.9619710445404}]",-37.81563238257064,144.9619710445404,,3000,VIC,Coffee Hive Australia,v-1599966902,
21,"[{'id': '52e81612bcbc57f1066b7a00', 'name': 'Comfort Food Restaurant', 'pluralName': 'Comfort Food Restaurants', 'shortName': 'Comfort Food', 'icon': {'prefix': 'https://ss3.4sqi.net/img/categories_v2/food/default_', 'suffix': '.png'}, 'primary': True}]",False,531672e7498e3d94ecbe2b4b,Healeys Lane,AU,Melbourne,Australia,Little Lonsdale,33,"['Healeys Lane (Little Lonsdale)', 'Melbourne VIC 3000', 'Australia']","[{'label': 'display', 'lat': -37.81349990385916, 'lng': 144.95579800058627}]",-37.81349990385916,144.95579800058627,,3000,VIC,68 ° Coffee & Food,v-1599966902,
22,"[{'id': '4bf58dd8d48988d1e0931735', 'name': 'Coffee Shop', 'pluralName': 'Coffee Shops', 'shortName': 'Coffee Shop', 'icon': {'prefix': 'https://ss3.4sqi.net/img/categories_v2/food/coffeeshop_', 'suffix': '.png'}, 'primary': True}]",False,4d9e49d4a4675481aa278be6,8 Exploration Ln.,AU,Melbourne,Australia,at Little Lonsdale St.,104,"['8 Exploration Ln. (at Little Lonsdale St.)', 'Melbourne VIC 3000', 'Australia']","[{'label': 'display', 'lat': -37.809279, 'lng': 144.968483}]",-37.809279,144.968483,,3000,VIC,The League of Honest Coffee,v-1599966903,
23,"[{'id': '4bf58dd8d48988d1e0931735', 'name': 'Coffee Shop', 'pluralName': 'Coffee Shops', 'shortName': 'Coffee Shop', 'icon': {'prefix': 'https://ss3.4sqi.net/img/categories_v2/food/coffeeshop_', 'suffix': '.png'}, 'primary': True}]",False,4beb35fa6295c9b60a768708,2/455 Bourke Street,AU,Melbourne,Australia,,94,"['2/455 Bourke Street', 'Melbourne VIC 3000', 'Australia']","[{'label': 'display', 'lat': -37.81527, 'lng': 144.96054}]",-37.81527,144.96054,,3000,VIC,Hudsons Coffee,v-1599966909,
24,"[{'id': '4bf58dd8d48988d16d941735', 'name': 'Café', 'pluralName': 'Cafés', 'shortName': 'Café', 'icon': {'prefix': 'https://ss3.4sqi.net/img/categories_v2/food/cafe_', 'suffix': '.png'}, 'primary': True}]",False,4dcc66f1ae60b8aba8712d70,288 Queen St,AU,Melbourne,Australia,Little Lonsdale,74,"['288 Queen St (Little Lonsdale)', 'Melbourne VIC', 'Australia']","[{'label': 'display', 'lat': -37.81184, 'lng': 144.95954}]",-37.81184,144.95954,,,VIC,Romano's Coffee,v-1599966912,
25,"[{'id': '4bf58dd8d48988d16d941735', 'name': 'Café', 'pluralName': 'Cafés', 'shortName': 'Café', 'icon': {'prefix': 'https://ss3.4sqi.net/img/categories_v2/food/cafe_', 'suffix': '.png'}, 'primary': True}]",False,57213f4f498eaeb1b8aa02c5,380 La Trobe Street,AU,Melbourne,Australia,Queen Street,106,"['380 La Trobe Street (Queen Street)', 'Melbourne VIC 3000', 'Australia']","[{'label': 'display', 'lat': -37.81106, 'lng': 144.9581}]",-37.81106,144.9581,"Melbourne CBD, Melbourne, VIC",3000,VIC,Charles La Trobe Coffee Co,v-1599966912,
26,"[{'id': '4bf58dd8d48988d1e0931735', 'name': 'Coffee Shop', 'pluralName': 'Coffee Shops', 'shortName': 'Coffee Shop', 'icon': {'prefix': 'https://ss3.4sqi.net/img/categories_v2/food/coffeeshop_', 'suffix': '.png'}, 'primary': True}]",False,4ca67e6776d3a0936b31026b,QV Square,AU,Melbourne,Australia,,84,"['QV Square', 'Melbourne VIC 3000', 'Australia']","[{'label': 'display', 'lat': -37.811125861561415, 'lng': 144.96499152858584}]",-37.811125861561415,144.96499152858584,"Melbourne CBD, Melbourne, VIC",3000,VIC,Romano's Coffee and Bagels,v-1599966913,
27,"[{'id': '4bf58dd8d48988d1e0931735', 'name': 'Coffee Shop', 'pluralName': 'Coffee Shops', 'shortName': 'Coffee Shop', 'icon': {'prefix': 'https://ss3.4sqi.net/img/categories_v2/food/coffeeshop_', 'suffix': '.png'}, 'primary': True}]",False,548e129b498e3012587f3e5c,12 Drewery Ln,AU,Melbourne,Australia,Lonsdale St,64,"['12 Drewery Ln (Lonsdale St)', 'Melbourne VIC 3000', 'Australia']","[{'label': 'display', 'lat': -37.810911, 'lng': 144.964027}]",-37.810911,144.964027,,3000,VIC,Little Rogue Coffee,v-1599966913,
28,"[{'id': '4bf58dd8d48988d1e0931735', 'name': 'Coffee Shop', 'pluralName': 'Coffee Shops', 'shortName': 'Coffee Shop', 'icon': {'prefix': 'https://ss3.4sqi.net/img/categories_v2/food/coffeeshop_', 'suffix': '.png'}, 'primary': True}]",False,509de0bbe4b0df8f7e9344da,284 Lonsdale St.,AU,Melbourne,Australia,,59,"['284 Lonsdale St.', 'Melbourne VIC 3000', 'Australia']","[{'label': 'display', 'lat': -37.811799, 'lng': 144.963597}]",-37.811799,144.963597,,3000,VIC,Elle's Coffee & Ice Cream,v-1599966913,
29,[],False,55e01295498e74dd8a11cdf1,,AU,,Australia,,125,['Australia'],"[{'label': 'display', 'lat': -37.810364, 'lng': 144.964292}]",-37.810364,144.964292,,,,Slamet Coffee Cabang Melbourne,v-1599966913,
30,"[{'id': '4bf58dd8d48988d1e0931735', 'name': 'Coffee Shop', 'pluralName': 'Coffee Shops', 'shortName': 'Coffee Shop', 'icon': {'prefix': 'https://ss3.4sqi.net/img/categories_v2/food/coffeeshop_', 'suffix': '.png'}, 'primary': True}]",False,4fbdbc78e4b0e542befde5b0,205 Swanston St.,AU,Melbourne,Australia,,43,"['205 Swanston St.', 'Melbourne VIC 3000', 'Australia']","[{'label': 'display', 'lat': -37.81128786015124, 'lng': 144.96457645862472}]",-37.81128786015124,144.96457645862472,,3000,VIC,Starbucks,v-1599966913,
31,"[{'id': '4bf58dd8d48988d1e0931735', 'name': 'Coffee Shop', 'pluralName': 'Coffee Shops', 'shortName': 'Coffee Shop', 'icon': {'prefix': 'https://ss3.4sqi.net/img/categories_v2/food/coffeeshop_', 'suffix': '.png'}, 'primary': True}]",False,5528be3e498eb8ced48d1478,Albert Coates Ln,AU,Melbourne,Australia,Lonsdale st,84,"['Albert Coates Ln (Lonsdale st)', 'Melbourne VIC 3000', 'Australia']","[{'label': 'display', 'lat': -37.811181490594485, 'lng': 144.96503218537143}]",-37.811181490594485,144.96503218537143,,3000,VIC,Plantation,v-1599966913,
32,"[{'id': '4bf58dd8d48988d1e0931735', 'name': 'Coffee Shop', 'pluralName': 'Coffee Shops', 'shortName': 'Coffee Shop', 'icon': {'prefix': 'https://ss3.4sqi.net/img/categories_v2/food/coffeeshop_', 'suffix': '.png'}, 'primary': True}]",False,5d9dc2c4196b510008ce3f95,"585 Little Collins Street, Suite 569",AU,Melbourne,Australia,,24,"['585 Little Collins Street, Suite 569', 'Melbourne VIC 3000', 'Australia']","[{'label': 'display', 'lat': -37.8177615, 'lng': 144.95539740000004}]",-37.8177615,144.95539740000004,,3000,VIC,Chalk Coffee Roasters,v-1599966914,564829548
33,"[{'id': '4bf58dd8d48988d1e0931735', 'name': 'Coffee Shop', 'pluralName': 'Coffee Shops', 'shortName': 'Coffee Shop', 'icon': {'prefix': 'https://ss3.4sqi.net/img/categories_v2/food/coffeeshop_', 'suffix': '.png'}, 'primary': True}]",False,500db717e4b0ba42c323254d,,AU,,Australia,,108,['Australia'],"[{'label': 'display', 'lat': -37.818904205705486, 'lng': 144.95536243774285}]",-37.818904205705486,144.95536243774285,,,,Angry Pete's Coffee Box,v-1599966914,
34,"[{'id': '4bf58dd8d48988d1e0931735', 'name': 'Coffee Shop', 'pluralName': 'Coffee Shops', 'shortName': 'Coffee Shop', 'icon': {'prefix': 'https://ss3.4sqi.net/img/categories_v2/food/coffeeshop_', 'suffix': '.png'}, 'primary': True}]",False,4e72cf4152b145ffbf4c147a,Stall 101-102 Victoria Market,AU,Melbourne,Australia,Therry St,105,"['Stall 101-102 Victoria Market (Therry St)', 'Melbourne VIC 3000', 'Australia']","[{'label': 'display', 'lat': -37.807198629978856, 'lng': 144.9593424797058}]",-37.807198629978856,144.9593424797058,,3000,VIC,McIver's Coffee & Tea Merchants,v-1599966915,
35,"[{'id': '4bf58dd8d48988d1e0931735', 'name': 'Coffee Shop', 'pluralName': 'Coffee Shops', 'shortName': 'Coffee Shop', 'icon': {'prefix': 'https://ss3.4sqi.net/img/categories_v2/food/coffeeshop_', 'suffix': '.png'}, 'primary': True}]",False,4e2b8c6a636553b25b664e12,109 -111 Therry St,AU,Melbourne,Australia,,117,"['109 -111 Therry St', 'Melbourne VIC 3000', 'Australia']","[{'label': 'display', 'lat': -37.80736677605291, 'lng': 144.95915525013692}]",-37.80736677605291,144.95915525013692,,3000,VIC,Market Lane Coffee,v-1599966915,
36,"[{'id': '4bf58dd8d48988d1e0931735', 'name': 'Coffee Shop', 'pluralName': 'Coffee Shops', 'shortName': 'Coffee Shop', 'icon': {'prefix': 'https://ss3.4sqi.net/img/categories_v2/food/coffeeshop_', 'suffix': '.png'}, 'primary': True}]",False,4b563eaff964a520290728e3,521 Elizabeth St,AU,Melbourne,Australia,Victoria St,125,"['521 Elizabeth St (Victoria St)', 'Melbourne VIC 3000', 'Australia']","[{'label': 'display', 'lat': -37.8065974091116, 'lng': 144.95964655899672}]",-37.8065974091116,144.95964655899672,,3000,VIC,Coffea Cafe,v-1599966915,51701872
37,"[{'id': '4bf58dd8d48988d1e0931735', 'name': 'Coffee Shop', 'pluralName': 'Coffee Shops', 'shortName': 'Coffee Shop', 'icon': {'prefix': 'https://ss3.4sqi.net/img/categories_v2/food/coffeeshop_', 'suffix': '.png'}, 'primary': True}]",False,58e3149c6cea3f078978c106,,AU,Melbourne,Australia,,127,"['Melbourne VIC 3000', 'Australia']","[{'label': 'display', 'lat': -37.807102, 'lng': 144.959121}]",-37.807102,144.959121,,3000,VIC,Market Lane Victoria Market Booth 73-76,v-1599966915,
38,"[{'id': '4bf58dd8d48988d1e0931735', 'name': 'Coffee Shop', 'pluralName': 'Coffee Shops', 'shortName': 'Coffee Shop', 'icon': {'prefix': 'https://ss3.4sqi.net/img/categories_v2/food/coffeeshop_', 'suffix': '.png'}, 'primary': True}]",False,4fda7a38e4b02f685e932067,547 Flinders Lane,AU,Melbourne,Australia,,65,"['547 Flinders Lane', 'Melbourne VIC 3000', 'Australia']","[{'label': 'display', 'lat': -37.819658662663024, 'lng': 144.95557753022288}]",-37.819658662663024,144.95557753022288,,3000,VIC,Kaldi Coffee,v-1599966916,
39,"[{'id': '4bf58dd8d48988d1e0931735', 'name': 'Coffee Shop', 'pluralName': 'Coffee Shops', 'shortName': 'Coffee Shop', 'icon': {'prefix': 'https://ss3.4sqi.net/img/categories_v2/food/coffeeshop_', 'suffix': '.png'}, 'primary': True}]",False,4e72cf4152b145ffbf4c147a,Stall 101-102 Victoria Market,AU,Melbourne,Australia,Therry St,64,"['Stall 101-102 Victoria Market (Therry St)', 'Melbourne VIC 3000', 'Australia']","[{'label': 'display', 'lat': -37.807198629978856, 'lng': 144.9593424797058}]",-37.807198629978856,144.9593424797058,,3000,VIC,McIver's Coffee & Tea Merchants,v-1599966917,
40,"[{'id': '4bf58dd8d48988d1e0931735', 'name': 'Coffee Shop', 'pluralName': 'Coffee Shops', 'shortName': 'Coffee Shop', 'icon': {'prefix': 'https://ss3.4sqi.net/img/categories_v2/food/coffeeshop_', 'suffix': '.png'}, 'primary': True}]",False,4e2b8c6a636553b25b664e12,109 -111 Therry St,AU,Melbourne,Australia,,40,"['109 -111 Therry St', 'Melbourne VIC 3000', 'Australia']","[{'label': 'display', 'lat': -37.80736677605291, 'lng': 144.95915525013692}]",-37.80736677605291,144.95915525013692,,3000,VIC,Market Lane Coffee,v-1599966917,
41,"[{'id': '4bf58dd8d48988d143941735', 'name': 'Breakfast Spot', 'pluralName': 'Breakfast Spots', 'shortName': 'Breakfast', 'icon': {'prefix': 'https://ss3.4sqi.net/img/categories_v2/food/breakfast_', 'suffix': '.png'}, 'primary': True}]",False,53b23f8d498e1d3791fe885b,,AU,,Australia,,73,['Australia'],"[{'label': 'display', 'lat': -37.808207, 'lng': 144.959551}]",-37.808207,144.959551,,,,Franklin Street Coffee,v-1599966917,
42,"[{'id': '4bf58dd8d48988d1e0931735', 'name': 'Coffee Shop', 'pluralName': 'Coffee Shops', 'shortName': 'Coffee Shop', 'icon': {'prefix': 'https://ss3.4sqi.net/img/categories_v2/food/coffeeshop_', 'suffix': '.png'}, 'primary': True}]",False,58e3149c6cea3f078978c106,,AU,Melbourne,Australia,,68,"['Melbourne VIC 3000', 'Australia']","[{'label': 'display', 'lat': -37.807102, 'lng': 144.959121}]",-37.807102,144.959121,,3000,VIC,Market Lane Victoria Market Booth 73-76,v-1599966917,
43,"[{'id': '4bf58dd8d48988d1e0931735', 'name': 'Coffee Shop', 'pluralName': 'Coffee Shops', 'shortName': 'Coffee Shop', 'icon': {'prefix': 'https://ss3.4sqi.net/img/categories_v2/food/coffeeshop_', 'suffix': '.png'}, 'primary': True}]",False,4e72cf4152b145ffbf4c147a,Stall 101-102 Victoria Market,AU,Melbourne,Australia,Therry St,64,"['Stall 101-102 Victoria Market (Therry St)', 'Melbourne VIC 3000', 'Australia']","[{'label': 'display', 'lat': -37.807198629978856, 'lng': 144.9593424797058}]",-37.807198629978856,144.9593424797058,,3000,VIC,McIver's Coffee & Tea Merchants,v-1599966917,
44,"[{'id': '4bf58dd8d48988d1e0931735', 'name': 'Coffee Shop', 'pluralName': 'Coffee Shops', 'shortName': 'Coffee Shop', 'icon': {'prefix': 'https://ss3.4sqi.net/img/categories_v2/food/coffeeshop_', 'suffix': '.png'}, 'primary': True}]",False,4e2b8c6a636553b25b664e12,109 -111 Therry St,AU,Melbourne,Australia,,40,"['109 -111 Therry St', 'Melbourne VIC 3000', 'Australia']","[{'label': 'display', 'lat': -37.80736677605291, 'lng': 144.95915525013692}]",-37.80736677605291,144.95915525013692,,3000,VIC,Market Lane Coffee,v-1599966917,
45,"[{'id': '4bf58dd8d48988d143941735', 'name': 'Breakfast Spot', 'pluralName': 'Breakfast Spots', 'shortName': 'Breakfast', 'icon': {'prefix': 'https://ss3.4sqi.net/img/categories_v2/food/breakfast_', 'suffix': '.png'}, 'primary': True}]",False,53b23f8d498e1d3791fe885b,,AU,,Australia,,73,['Australia'],"[{'label': 'display', 'lat': -37.808207, 'lng': 144.959551}]",-37.808207,144.959551,,,,Franklin Street Coffee,v-1599966917,
46,"[{'id': '4bf58dd8d48988d1e0931735', 'name': 'Coffee Shop', 'pluralName': 'Coffee Shops', 'shortName': 'Coffee Shop', 'icon': {'prefix': 'https://ss3.4sqi.net/img/categories_v2/food/coffeeshop_', 'suffix': '.png'}, 'primary': True}]",False,58e3149c6cea3f078978c106,,AU,Melbourne,Australia,,68,"['Melbourne VIC 3000', 'Australia']","[{'label': 'display', 'lat': -37.807102, 'lng': 144.959121}]",-37.807102,144.959121,,3000,VIC,Market Lane Victoria Market Booth 73-76,v-1599966917,
47,"[{'id': '4bf58dd8d48988d1e0931735', 'name': 'Coffee Shop', 'pluralName': 'Coffee Shops', 'shortName': 'Coffee Shop', 'icon': {'prefix': 'https://ss3.4sqi.net/img/categories_v2/food/coffeeshop_', 'suffix': '.png'}, 'primary': True}]",False,504f2e0fe4b0a47b122a16b1,Queen Street,AU,Melbourne,Australia,Victoria,102,"['Queen Street (Victoria)', 'Melbourne VIC 88200', 'Australia']","[{'label': 'display', 'lat': -37.812551, 'lng': 144.959278}]",-37.812551,144.959278,,88200,VIC,Twin Velodrome Black Coffee,v-1599966920,
48,"[{'id': '4bf58dd8d48988d16d941735', 'name': 'Café', 'pluralName': 'Cafés', 'shortName': 'Café', 'icon': {'prefix': 'https://ss3.4sqi.net/img/categories_v2/food/cafe_', 'suffix': '.png'}, 'primary': True}]",False,57213f4f498eaeb1b8aa02c5,380 La Trobe Street,AU,Melbourne,Australia,Queen Street,110,"['380 La Trobe Street (Queen Street)', 'Melbourne VIC 3000', 'Australia']","[{'label': 'display', 'lat': -37.81106, 'lng': 144.9581}]",-37.81106,144.9581,"Melbourne CBD, Melbourne, VIC",3000,VIC,Charles La Trobe Coffee Co,v-1599966920,
49,"[{'id': '4bf58dd8d48988d1e0931735', 'name': 'Coffee Shop', 'pluralName': 'Coffee Shops', 'shortName': 'Coffee Shop', 'icon': {'prefix': 'https://ss3.4sqi.net/img/categories_v2/food/coffeeshop_', 'suffix': '.png'}, 'primary': True}]",False,4e3f320caeb73139a191280d,,AU,Melbourne,Australia,,27,"['Melbourne VIC 3000', 'Australia']","[{'label': 'display', 'lat': -37.8146686812407, 'lng': 144.96528952915665}]",-37.8146686812407,144.96528952915665,"Melbourne CBD, Melbourne, VIC",3000,VIC,Black Coffee Shop,v-1599966920,
50,"[{'id': '4bf58dd8d48988d16d941735', 'name': 'Café', 'pluralName': 'Cafés', 'shortName': 'Café', 'icon': {'prefix': 'https://ss3.4sqi.net/img/categories_v2/food/cafe_', 'suffix': '.png'}, 'primary': True}]",False,5cc2896e31fd1400395e1abd,Level 3,AU,Melbourne,Australia,Collins Lane,65,"['Level 3 (Collins Lane)', 'Melbourne VIC 3000', 'Australia']","[{'label': 'display', 'lat': -37.815357, 'lng': 144.964897}]",-37.815357,144.964897,,3000,VIC,Coffee & Katsu Sando Bar (サン ドワルー),v-1599966920,
51,"[{'id': '4bf58dd8d48988d1e0931735', 'name': 'Coffee Shop', 'pluralName': 'Coffee Shops', 'shortName': 'Coffee Shop', 'icon': {'prefix': 'https://ss3.4sqi.net/img/categories_v2/food/coffeeshop_', 'suffix': '.png'}, 'primary': True}]",False,4ce3cdebef2db60ce676c25b,35 Degraves St,AU,Melbourne,Australia,,110,"['35 Degraves St', 'Melbourne VIC 3000', 'Australia']","[{'label': 'display', 'lat': -37.81421313869204, 'lng': 144.96627907596144}]",-37.81421313869204,144.96627907596144,,3000,VIC,The Fix Coffee & Bake,v-1599966920,
52,"[{'id': '4bf58dd8d48988d1e0931735', 'name': 'Coffee Shop', 'pluralName': 'Coffee Shops', 'shortName': 'Coffee Shop', 'icon': {'prefix': 'https://ss3.4sqi.net/img/categories_v2/food/coffeeshop_', 'suffix': '.png'}, 'primary': True}]",False,59c827cd28122f2fd418dd48,,AU,Melbourne,Australia,,85,"['Melbourne VIC 3000', 'Australia']","[{'label': 'display', 'lat': -37.814868, 'lng': 144.964397}]",-37.814868,144.964397,,3000,VIC,Coffee + Jaffles,v-1599966920,
53,"[{'id': '4bf58dd8d48988d16d941735', 'name': 'Café', 'pluralName': 'Cafés', 'shortName': 'Café', 'icon': {'prefix': 'https://ss3.4sqi.net/img/categories_v2/food/cafe_', 'suffix': '.png'}, 'primary': True}]",False,4e5d6f7ab0fbc0acda41476b,,AU,Melbourne,Australia,,100,"['Melbourne VIC 3000', 'Australia']","[{'label': 'display', 'lat': -37.814651166102365, 'lng': 144.96647268430675}]",-37.814651166102365,144.96647268430675,"Melbourne CBD, Melbourne, VIC",3000,VIC,Coffee Supreme,v-1599966920,
54,"[{'id': '4bf58dd8d48988d199941735', 'name': 'College Arts Building', 'pluralName': 'College Arts Buildings', 'shortName': 'Arts', 'icon': {'prefix': 'https://ss3.4sqi.net/img/categories_v2/arts_entertainment/default_', 'suffix': '.png'}, 'primary': True}]",False,4dd598442271c5d36d0eaef1,220 collins street,AU,Melbourne CBD,Australia,Collins street/swanston street,116,"['220 collins street (Collins street/swanston street)', 'Melbourne CBD VIC', 'Australia']","[{'label': 'display', 'lat': -37.815212316633236, 'lng': 144.966634024935}]",-37.815212316633236,144.966634024935,,,VIC,Coffee Art School Of Australia,v-1599966920,
55,"[{'id': '4bf58dd8d48988d16d941735', 'name': 'Café', 'pluralName': 'Cafés', 'shortName': 'Café', 'icon': {'prefix': 'https://ss3.4sqi.net/img/categories_v2/food/cafe_', 'suffix': '.png'}, 'primary': True}]",False,54067f50498eed80aaf3c4c7,,AU,,Australia,,79,['Australia'],"[{'label': 'display', 'lat': -37.81449048774053, 'lng': 144.96610698002863}]",-37.81449048774053,144.96610698002863,,,,Press Coffee,v-1599966920,
56,"[{'id': '4bf58dd8d48988d16d941735', 'name': 'Café', 'pluralName': 'Cafés', 'shortName': 'Café', 'icon': {'prefix': 'https://ss3.4sqi.net/img/categories_v2/food/cafe_', 'suffix': '.png'}, 'primary': True}]",False,4d8964b6bc848cfabd7ec22b,2 melrose drive,AU,Melbourne,Australia,,119,"['2 melrose drive', 'Melbourne VIC 3000', 'Australia']","[{'label': 'display', 'lat': -37.8144379702747, 'lng': 144.96414941357807}]",-37.8144379702747,144.96414941357807,"Melbourne CBD, Melbourne, VIC",3000,VIC,Giancarlo Coffee,v-1599966920,
57,"[{'id': '4bf58dd8d48988d16d941735', 'name': 'Café', 'pluralName': 'Cafés', 'shortName': 'Café', 'icon': {'prefix': 'https://ss3.4sqi.net/img/categories_v2/food/cafe_', 'suffix': '.png'}, 'primary': True}]",False,4b131d9df964a5204d9423e3,303 Exhibition St,AU,Melbourne,Australia,btwn Latrobe St & Little Lonsdale St,91,"['303 Exhibition St (btwn Latrobe St & Little Lonsdale St)', 'Melbourne VIC 3000', 'Australia']","[{'label': 'display', 'lat': -37.808929, 'lng': 144.968939}]",-37.808929,144.968939,,3000,VIC,Decoy Cafe & Coffee Roasters,v-1599966921,
58,"[{'id': '4bf58dd8d48988d1e0931735', 'name': 'Coffee Shop', 'pluralName': 'Coffee Shops', 'shortName': 'Coffee Shop', 'icon': {'prefix': 'https://ss3.4sqi.net/img/categories_v2/food/coffeeshop_', 'suffix': '.png'}, 'primary': True}]",False,4beccc082cf820a1204bb91c,"8 Beatrice Ave, Heidelberg West",AU,Victoria,Australia,Waterdale Rd,75,"['8 Beatrice Ave, Heidelberg West (Waterdale Rd)', 'Victoria Australia 3081', 'Australia']","[{'label': 'display', 'lat': -37.808871737558434, 'lng': 144.9691701151916}]",-37.808871737558434,144.9691701151916,,3081,Australia,Gridlock Coffee,v-1599966921,
59,"[{'id': '4bf58dd8d48988d16d941735', 'name': 'Café', 'pluralName': 'Cafés', 'shortName': 'Café', 'icon': {'prefix': 'https://ss3.4sqi.net/img/categories_v2/food/cafe_', 'suffix': '.png'}, 'primary': True}]",False,4b131d9df964a5204d9423e3,303 Exhibition St,AU,Melbourne,Australia,btwn Latrobe St & Little Lonsdale St,91,"['303 Exhibition St (btwn Latrobe St & Little Lonsdale St)', 'Melbourne VIC 3000', 'Australia']","[{'label': 'display', 'lat': -37.808929, 'lng': 144.968939}]",-37.808929,144.968939,,3000,VIC,Decoy Cafe & Coffee Roasters,v-1599966921,
60,"[{'id': '4bf58dd8d48988d1e0931735', 'name': 'Coffee Shop', 'pluralName': 'Coffee Shops', 'shortName': 'Coffee Shop', 'icon': {'prefix': 'https://ss3.4sqi.net/img/categories_v2/food/coffeeshop_', 'suffix': '.png'}, 'primary': True}]",False,4beccc082cf820a1204bb91c,"8 Beatrice Ave, Heidelberg West",AU,Victoria,Australia,Waterdale Rd,75,"['8 Beatrice Ave, Heidelberg West (Waterdale Rd)', 'Victoria Australia 3081', 'Australia']","[{'label': 'display', 'lat': -37.808871737558434, 'lng': 144.9691701151916}]",-37.808871737558434,144.9691701151916,,3081,Australia,Gridlock Coffee,v-1599966921,
61,"[{'id': '4bf58dd8d48988d16d941735', 'name': 'Café', 'pluralName': 'Cafés', 'shortName': 'Café', 'icon': {'prefix': 'https://ss3.4sqi.net/img/categories_v2/food/cafe_', 'suffix': '.png'}, 'primary': True}]",False,4bfb13d1d2b720a1fa8f326a,1010 Latrobe Street,AU,Docklands,Australia,,76,"['1010 Latrobe Street', 'Docklands VIC 3008', 'Australia']","[{'label': 'display', 'lat': -37.813966920487125, 'lng': 144.94540425885077}]",-37.813966920487125,144.94540425885077,,3008,VIC,Coffee'n'all,v-1599966922,
62,"[{'id': '4bf58dd8d48988d16d941735', 'name': 'Café', 'pluralName': 'Cafés', 'shortName': 'Café', 'icon': {'prefix': 'https://ss3.4sqi.net/img/categories_v2/food/cafe_', 'suffix': '.png'}, 'primary': True}]",False,5679eafc498ea45d268af319,119 Pelham Street,AU,Melbourne,Australia,,119,"['119 Pelham Street', 'Melbourne VIC 3053', 'Australia']","[{'label': 'display', 'lat': -37.80250850821116, 'lng': 144.96419021328444}]",-37.80250850821116,144.96419021328444,,3053,VIC,Midsquare Coffee,v-1599966925,
63,"[{'id': '4bf58dd8d48988d16d941735', 'name': 'Café', 'pluralName': 'Cafés', 'shortName': 'Café', 'icon': {'prefix': 'https://ss3.4sqi.net/img/categories_v2/food/cafe_', 'suffix': '.png'}, 'primary': True}]",False,57213f4f498eaeb1b8aa02c5,380 La Trobe Street,AU,Melbourne,Australia,Queen Street,72,"['380 La Trobe Street (Queen Street)', 'Melbourne VIC 3000', 'Australia']","[{'label': 'display', 'lat': -37.81106, 'lng': 144.9581}]",-37.81106,144.9581,"Melbourne CBD, Melbourne, VIC",3000,VIC,Charles La Trobe Coffee Co,v-1599966928,
64,"[{'id': '4bf58dd8d48988d1c4941735', 'name': 'Restaurant', 'pluralName': 'Restaurants', 'shortName': 'Restaurant', 'icon': {'prefix': 'https://ss3.4sqi.net/img/categories_v2/food/default_', 'suffix': '.png'}, 'primary': True}]",False,59dbf81edd844233ce0543ac,206 A'Beckett Street,AU,Melbourne,Australia,,79,"[""206 A'Beckett Street"", 'Melbourne VIC 3000', 'Australia']","[{'label': 'display', 'lat': -37.810284, 'lng': 144.957168}]",-37.810284,144.957168,,3000,VIC,Pegasus Restaurant,v-1599966928,
65,"[{'id': '4bf58dd8d48988d1e0931735', 'name': 'Coffee Shop', 'pluralName': 'Coffee Shops', 'shortName': 'Coffee Shop', 'icon': {'prefix': 'https://ss3.4sqi.net/img/categories_v2/food/coffeeshop_', 'suffix': '.png'}, 'primary': True}]",False,4c4c3ae842b4d13a7f4fc97f,SM North Sky Garden,AU,Quezon City,Australia,,83,"['SM North Sky Garden', 'Quezon City', 'Australia']","[{'label': 'display', 'lat': -37.815438, 'lng': 144.974627}]",-37.815438,144.974627,,,,The Coffee Experience,v-1599966929,
66,"[{'id': '4bf58dd8d48988d1e0931735', 'name': 'Coffee Shop', 'pluralName': 'Coffee Shops', 'shortName': 'Coffee Shop', 'icon': {'prefix': 'https://ss3.4sqi.net/img/categories_v2/food/coffeeshop_', 'suffix': '.png'}, 'primary': True}]",False,4c4f7508a7351b8d4d9b1c93,1 Collins St.,AU,East Melbourne,Australia,,145,"['1 Collins St.', 'East Melbourne VIC 3002', 'Australia']","[{'label': 'display', 'lat': -37.813548945313656, 'lng': 144.9736223652445}]",-37.813548945313656,144.9736223652445,,3002,VIC,Signature Coffee,v-1599966929,
67,"[{'id': '4bf58dd8d48988d16d941735', 'name': 'Café', 'pluralName': 'Cafés', 'shortName': 'Café', 'icon': {'prefix': 'https://ss3.4sqi.net/img/categories_v2/food/cafe_', 'suffix': '.png'}, 'primary': True}]",False,4c5121a6d2a7c9b65927af10,800 Collins St,AU,Docklands,Australia,,79,"['800 Collins St', 'Docklands VIC', 'Australia']","[{'label': 'display', 'lat': -37.820489013531464, 'lng': 144.9486787133231}]",-37.820489013531464,144.9486787133231,,,VIC,Coffee Club,v-1599966933,
68,"[{'id': '4bf58dd8d48988d16d941735', 'name': 'Café', 'pluralName': 'Cafés', 'shortName': 'Café', 'icon': {'prefix': 'https://ss3.4sqi.net/img/categories_v2/food/cafe_', 'suffix': '.png'}, 'primary': True}]",False,5ccf6f693e674100396af08b,,AU,Docklands,Australia,,98,"['Docklands VIC 3008', 'Australia']","[{'label': 'display', 'lat': -37.819926, 'lng': 144.950451}]",-37.819926,144.950451,,3008,VIC,Esclipse Specialty Coffee,v-1599966933,
69,"[{'id': '4bf58dd8d48988d1e0931735', 'name': 'Coffee Shop', 'pluralName': 'Coffee Shops', 'shortName': 'Coffee Shop', 'icon': {'prefix': 'https://ss3.4sqi.net/img/categories_v2/food/coffeeshop_', 'suffix': '.png'}, 'primary': True}]",False,5bad72f9364d97002c6e42de,104t/605 Lonsdale St,AU,Melbourne,Australia,,109,"['104t/605 Lonsdale St', 'Melbourne VIC 3000', 'Australia']","[{'label': 'display', 'lat': -37.815025, 'lng': 144.954141}]",-37.815025,144.954141,,3000,VIC,Commonplace Coffee Brewer,v-1599966934,
70,"[{'id': '4bf58dd8d48988d1e0931735', 'name': 'Coffee Shop', 'pluralName': 'Coffee Shops', 'shortName': 'Coffee Shop', 'icon': {'prefix': 'https://ss3.4sqi.net/img/categories_v2/food/coffeeshop_', 'suffix': '.png'}, 'primary': True}]",False,5bad72f9364d97002c6e42de,104t/605 Lonsdale St,AU,Melbourne,Australia,,109,"['104t/605 Lonsdale St', 'Melbourne VIC 3000', 'Australia']","[{'label': 'display', 'lat': -37.815025, 'lng': 144.954141}]",-37.815025,144.954141,,3000,VIC,Commonplace Coffee Brewer,v-1599966935,
